t,target,rpm,throttle,trim,kp,kd,db
0.079,0.0,139.0,0.000,+0.000,0.002,0.03,15
0.183,0.0,142.8,0.000,+0.000,0.002,0.03,15
0.286,0.0,136.9,0.000,+0.000,0.002,0.03,15
0.390,0.0,105.5,0.000,+0.000,0.002,0.03,15
0.493,0.0,105.5,0.000,+0.000,0.002,0.03,15
0.599,0.0,105.5,0.000,+0.000,0.002,0.03,15
0.702,0.0,0.0,0.000,+0.000,0.002,0.03,15
0.806,0.0,0.0,0.000,+0.000,0.002,0.03,15
0.909,0.0,0.0,0.000,+0.000,0.002,0.03,15
1.013,0.0,0.0,0.000,+0.000,0.002,0.03,15
1.116,0.0,0.0,0.000,+0.000,0.002,0.03,15
1.219,0.0,0.0,0.000,+0.000,0.002,0.03,15
1.321,0.0,0.0,0.000,+0.000,0.002,0.03,15
1.426,0.0,0.0,0.000,+0.000,0.002,0.03,15
1.528,0.0,0.0,0.000,+0.000,0.002,0.03,15
1.635,0.0,0.0,0.000,+0.000,0.002,0.03,15
1.737,0.0,0.0,0.000,+0.000,0.002,0.03,15
1.842,0.0,0.0,0.000,+0.000,0.002,0.03,15
1.944,0.0,0.0,0.000,+0.000,0.002,0.03,15
2.049,0.0,0.0,0.000,+0.000,0.002,0.03,15
2.151,0.0,0.0,0.000,+0.000,0.002,0.03,15
2.254,0.0,0.0,0.000,+0.000,0.002,0.03,15
2.356,0.0,0.0,0.000,+0.000,0.002,0.03,15
2.460,0.0,0.0,0.000,+0.000,0.002,0.03,15
2.563,0.0,0.0,0.000,+0.000,0.002,0.03,15
2.669,0.0,0.0,0.000,+0.000,0.002,0.03,15
2.770,0.0,0.0,0.000,+0.000,0.002,0.03,15
2.874,0.0,0.0,0.000,+0.000,0.002,0.03,15
2.975,0.0,0.0,0.000,+0.000,0.002,0.03,15
3.077,0.0,0.0,0.000,+0.000,0.002,0.03,15
3.180,0.0,0.0,0.000,+0.000,0.002,0.03,15
3.284,0.0,0.0,0.000,+0.000,0.002,0.03,15
3.387,0.0,0.0,0.000,+0.000,0.002,0.03,15
3.491,0.0,0.0,0.000,+0.000,0.002,0.03,15
3.591,0.0,0.0,0.000,+0.000,0.002,0.03,15
3.696,0.0,0.0,0.000,+0.000,0.002,0.03,15
3.797,0.0,0.0,0.000,+0.000,0.002,0.03,15
3.901,0.0,0.0,0.000,+0.000,0.002,0.03,15
4.003,0.0,0.0,0.000,+0.000,0.002,0.03,15
4.108,0.0,0.0,0.000,+0.000,0.002,0.03,15
4.210,0.0,0.0,0.000,+0.000,0.002,0.03,15
4.317,0.0,0.0,0.000,+0.000,0.002,0.03,15
4.419,0.0,0.0,0.000,+0.000,0.002,0.03,15
4.524,0.0,0.0,0.000,+0.000,0.002,0.03,15
4.626,0.0,0.0,0.000,+0.000,0.002,0.03,15
4.730,1000.0,0.0,8.281,+0.800,0.002,0.03,15
4.835,1000.0,10.9,9.081,+1.600,0.002,0.03,15
4.939,1000.0,14.7,9.246,+2.400,0.002,0.03,15
5.045,1000.0,508.9,9.081,+1.600,0.002,0.03,15
5.150,1000.0,731.7,8.281,+0.800,0.002,0.03,15
5.250,1000.0,870.4,7.481,+0.000,0.002,0.03,15
5.355,1000.0,963.6,6.681,-0.800,0.002,0.03,15
5.457,1000.0,1007.3,5.881,-1.600,0.002,0.03,15
5.564,1000.0,1020.0,5.240,-2.241,0.002,0.03,15
5.666,1000.0,1008.9,5.841,-1.640,0.002,0.03,15
5.771,1000.0,950.9,6.641,-0.840,0.002,0.03,15
5.873,1000.0,1014.3,5.841,-1.640,0.002,0.03,15
5.978,1000.0,1023.2,5.099,-2.382,0.002,0.03,15
6.080,1000.0,1013.2,5.795,-1.686,0.002,0.03,15
6.185,1000.0,1003.5,5.795,-1.686,0.002,0.03,15
6.288,1000.0,1004.7,5.795,-1.686,0.002,0.03,15
6.390,1000.0,1003.0,5.795,-1.686,0.002,0.03,15
6.492,1000.0,1000.2,5.795,-1.686,0.002,0.03,15
6.599,1000.0,1001.2,5.795,-1.686,0.002,0.03,15
6.702,1000.0,996.8,5.795,-1.686,0.002,0.03,15
6.804,1000.0,1001.8,5.795,-1.686,0.002,0.03,15
6.906,1000.0,943.5,6.595,-0.886,0.002,0.03,15
7.013,1000.0,957.2,6.271,-1.210,0.002,0.03,15
7.116,1000.0,1023.9,5.471,-2.010,0.002,0.03,15
7.218,1000.0,1026.5,5.341,-2.141,0.002,0.03,15
7.323,1000.0,958.5,6.141,-1.341,0.002,0.03,15
7.427,1000.0,1007.0,5.341,-2.141,0.002,0.03,15
7.530,1000.0,1002.7,5.341,-2.141,0.002,0.03,15
7.634,1000.0,989.2,5.341,-2.141,0.002,0.03,15
7.737,1000.0,984.0,5.853,-1.628,0.002,0.03,15
7.839,1000.0,977.2,6.101,-1.380,0.002,0.03,15
7.943,1000.0,933.7,6.901,-0.580,0.002,0.03,15
8.050,1000.0,1007.4,6.101,-1.380,0.002,0.03,15
8.152,1000.0,1028.5,5.301,-2.180,0.002,0.03,15
8.257,1000.0,1022.0,5.451,-2.030,0.002,0.03,15
8.361,1000.0,953.1,6.251,-1.230,0.002,0.03,15
8.466,1000.0,1012.4,5.451,-2.030,0.002,0.03,15
8.568,1000.0,1008.8,5.451,-2.030,0.002,0.03,15
8.675,1000.0,1003.6,5.451,-2.030,0.002,0.03,15
8.777,1000.0,992.1,5.451,-2.030,0.002,0.03,15
8.884,1000.0,937.1,6.251,-1.230,0.002,0.03,15
8.986,1000.0,987.8,5.451,-2.030,0.002,0.03,15
9.093,1000.0,988.9,5.451,-2.030,0.002,0.03,15
9.195,1000.0,935.2,6.251,-1.230,0.002,0.03,15
9.300,1000.0,984.6,5.451,-2.030,0.002,0.03,15
9.402,1000.0,991.3,4.989,-2.492,0.002,0.03,15
9.507,1000.0,975.5,5.771,-1.710,0.002,0.03,15
9.609,1000.0,972.5,5.918,-1.564,0.002,0.03,15
9.714,1000.0,974.8,5.898,-1.583,0.002,0.03,15
9.816,1000.0,931.1,6.698,-0.783,0.002,0.03,15
9.920,1000.0,999.9,5.898,-1.583,0.002,0.03,15
10.025,1000.0,1008.8,5.898,-1.583,0.002,0.03,15
10.130,1000.0,962.5,6.698,-0.783,0.002,0.03,15
10.230,1000.0,1020.1,5.898,-1.583,0.002,0.03,15
10.335,1000.0,1036.2,5.343,-2.138,0.002,0.03,15
10.437,1000.0,1020.9,5.761,-1.720,0.002,0.03,15
10.544,1000.0,964.6,6.561,-0.920,0.002,0.03,15
10.648,1000.0,1023.6,5.761,-1.720,0.002,0.03,15
10.753,1000.0,1032.6,5.424,-2.058,0.002,0.03,15
10.855,1000.0,1025.2,5.597,-1.884,0.002,0.03,15
10.958,1000.0,959.9,6.397,-1.084,0.002,0.03,15
11.062,1000.0,1019.3,5.597,-1.884,0.002,0.03,15
11.165,1000.0,1019.8,5.542,-1.939,0.002,0.03,15
11.267,1000.0,1019.6,5.510,-1.971,0.002,0.03,15
11.372,1000.0,1008.6,6.097,-1.384,0.002,0.03,15
11.474,1000.0,954.7,6.897,-0.584,0.002,0.03,15
11.579,1000.0,1024.6,6.097,-1.384,0.002,0.03,15
11.681,1000.0,1042.1,5.489,-1.992,0.002,0.03,15
11.786,1000.0,1038.5,5.520,-1.961,0.002,0.03,15
11.888,1000.0,1023.5,5.923,-1.558,0.002,0.03,15
11.993,1000.0,1022.8,5.898,-1.583,0.002,0.03,15
12.093,1000.0,1018.5,5.989,-1.492,0.002,0.03,15
12.196,1000.0,1023.0,5.809,-1.672,0.002,0.03,15
12.300,1000.0,969.0,6.609,-0.872,0.002,0.03,15
12.407,1000.0,1030.8,5.809,-1.672,0.002,0.03,15
12.509,1000.0,985.6,6.609,-0.872,0.002,0.03,15
12.614,1000.0,1044.3,5.809,-1.672,0.002,0.03,15
12.714,1000.0,1049.9,5.541,-1.940,0.002,0.03,15
12.821,1000.0,1040.4,5.746,-1.736,0.002,0.03,15
12.923,1000.0,1034.7,5.848,-1.633,0.002,0.03,15
13.028,1000.0,1028.7,5.969,-1.512,0.002,0.03,15
13.130,1000.0,1032.9,5.778,-1.703,0.002,0.03,15
13.233,1000.0,1028.7,5.845,-1.636,0.002,0.03,15
13.334,1000.0,976.6,6.645,-0.836,0.002,0.03,15
13.438,1000.0,984.3,6.446,-1.035,0.002,0.03,15
13.541,1000.0,1004.1,5.975,-1.506,0.002,0.03,15
13.645,1000.0,1063.5,5.175,-2.306,0.002,0.03,15
13.748,2000.0,1043.3,8.916,-1.506,0.002,0.03,15
13.853,2000.0,1020.4,9.716,-0.706,0.002,0.03,15
13.955,2000.0,1169.9,8.916,-1.506,0.002,0.03,15
14.060,2000.0,1189.1,9.716,-0.706,0.002,0.03,15
14.164,2000.0,1324.7,8.916,-1.506,0.002,0.03,15
14.271,2000.0,1375.9,8.628,-1.794,0.002,0.03,15
14.373,2000.0,1415.9,8.597,-1.825,0.002,0.03,15
14.478,2000.0,1433.3,9.206,-1.216,0.002,0.03,15
14.580,2000.0,1462.0,9.424,-0.998,0.002,0.03,15
14.683,2000.0,1422.1,10.224,-0.198,0.002,0.03,15
14.785,2000.0,1534.6,9.424,-0.998,0.002,0.03,15
14.888,2000.0,1578.5,8.951,-1.472,0.002,0.03,15
14.988,2000.0,1517.5,9.751,-0.672,0.002,0.03,15
15.093,2000.0,1607.3,8.951,-1.472,0.002,0.03,15
15.196,2000.0,1622.9,9.238,-1.185,0.002,0.03,15
15.300,2000.0,1629.4,9.782,-0.640,0.002,0.03,15
15.405,2000.0,1652.4,9.787,-0.636,0.002,0.03,15
15.510,2000.0,1669.7,9.929,-0.493,0.002,0.03,15
15.612,2000.0,1694.6,9.793,-0.630,0.002,0.03,15
15.717,2000.0,1625.3,10.593,+0.170,0.002,0.03,15
15.819,2000.0,1643.0,10.774,+0.352,0.002,0.03,15
15.924,2000.0,1768.2,9.974,-0.448,0.002,0.03,15
16.026,2000.0,1797.2,9.511,-0.911,0.002,0.03,15
16.130,2000.0,1704.2,10.311,-0.111,0.002,0.03,15
16.235,2000.0,1807.2,9.511,-0.911,0.002,0.03,15
16.339,2000.0,1713.5,10.311,-0.111,0.002,0.03,15
16.442,2000.0,1719.2,10.702,+0.280,0.002,0.03,15
16.548,2000.0,1839.9,9.902,-0.520,0.002,0.03,15
16.651,2000.0,1748.7,10.702,+0.280,0.002,0.03,15
16.755,2000.0,1762.6,10.762,+0.339,0.002,0.03,15
16.860,2000.0,1870.9,9.962,-0.461,0.002,0.03,15
16.964,2000.0,1870.4,10.236,-0.186,0.002,0.03,15
17.067,2000.0,1876.7,10.294,-0.128,0.002,0.03,15
17.173,2000.0,1881.1,10.401,-0.022,0.002,0.03,15
17.273,2000.0,1887.0,10.449,+0.026,0.002,0.03,15
17.378,2000.0,1896.5,10.372,-0.051,0.002,0.03,15
17.483,2000.0,1894.0,10.657,+0.235,0.002,0.03,15
17.587,2000.0,1897.3,10.764,+0.342,0.002,0.03,15
17.690,2000.0,1917.9,10.309,-0.113,0.002,0.03,15
17.794,2000.0,1921.8,10.349,-0.073,0.002,0.03,15
17.897,2000.0,1922.2,10.492,+0.070,0.002,0.03,15
18.001,2000.0,1927.8,10.470,+0.047,0.002,0.03,15
18.108,2000.0,1820.1,11.270,+0.847,0.002,0.03,15
18.212,2000.0,1935.8,10.470,+0.047,0.002,0.03,15
18.319,2000.0,1943.4,10.354,-0.068,0.002,0.03,15
18.423,2000.0,1945.9,10.388,-0.035,0.002,0.03,15
18.526,2000.0,1943.4,10.576,+0.153,0.002,0.03,15
18.630,2000.0,1943.3,10.693,+0.271,0.002,0.03,15
18.733,2000.0,1947.2,10.683,+0.260,0.002,0.03,15
18.835,2000.0,1949.5,10.715,+0.292,0.002,0.03,15
18.938,2000.0,1949.2,10.823,+0.401,0.002,0.03,15
19.045,2000.0,1959.4,10.601,+0.178,0.002,0.03,15
19.147,2000.0,1962.6,10.577,+0.155,0.002,0.03,15
19.250,2000.0,1965.8,10.552,+0.130,0.002,0.03,15
19.356,2000.0,1862.0,11.352,+0.930,0.002,0.03,15
19.463,2000.0,1978.0,10.552,+0.130,0.002,0.03,15
19.565,2000.0,1981.5,10.486,+0.063,0.002,0.03,15
19.670,2000.0,1971.8,10.831,+0.409,0.002,0.03,15
19.772,2000.0,1977.4,10.710,+0.287,0.002,0.03,15
19.877,2000.0,1984.0,10.542,+0.120,0.002,0.03,15
19.979,2000.0,1873.3,11.342,+0.920,0.002,0.03,15
20.082,2000.0,1990.9,10.542,+0.120,0.002,0.03,15
20.184,2000.0,1993.6,10.542,+0.120,0.002,0.03,15
20.287,2000.0,1987.7,10.542,+0.120,0.002,0.03,15
20.389,2000.0,1978.4,11.233,+0.811,0.002,0.03,15
20.494,2000.0,1987.9,10.586,+0.163,0.002,0.03,15
20.596,2000.0,1892.1,11.386,+0.963,0.002,0.03,15
20.701,2000.0,2003.2,10.586,+0.163,0.002,0.03,15
20.803,2000.0,2011.3,10.586,+0.163,0.002,0.03,15
20.908,2000.0,1903.2,11.386,+0.963,0.002,0.03,15
21.008,2000.0,1906.8,11.465,+1.043,0.002,0.03,15
21.112,2000.0,2030.6,10.665,+0.243,0.002,0.03,15
21.215,2000.0,2026.7,10.730,+0.308,0.002,0.03,15
21.321,2000.0,2017.4,10.974,+0.552,0.002,0.03,15
21.426,2000.0,1918.5,11.774,+1.352,0.002,0.03,15
21.532,2000.0,2046.0,10.974,+0.552,0.002,0.03,15
21.635,2000.0,2057.1,10.528,+0.106,0.002,0.03,15
21.739,2000.0,2048.6,10.685,+0.262,0.002,0.03,15
21.842,2000.0,2041.6,10.813,+0.390,0.002,0.03,15
21.944,2000.0,2038.5,10.827,+0.404,0.002,0.03,15
22.051,2000.0,2030.2,11.016,+0.594,0.002,0.03,15
22.155,2000.0,1920.3,11.816,+1.394,0.002,0.03,15
22.258,2000.0,1934.7,11.515,+1.093,0.002,0.03,15
22.364,2000.0,2066.9,10.715,+0.293,0.002,0.03,15
22.469,2000.0,2068.3,10.538,+0.116,0.002,0.03,15
22.571,2000.0,1948.0,11.338,+0.916,0.002,0.03,15
22.676,2000.0,1948.4,11.431,+1.008,0.002,0.03,15
22.780,2000.0,2070.8,10.631,+0.208,0.002,0.03,15
22.880,2000.0,2071.0,10.484,+0.062,0.002,0.03,15
22.985,2000.0,2054.8,10.859,+0.436,0.002,0.03,15
23.089,2000.0,2042.2,11.154,+0.732,0.002,0.03,15
23.194,2000.0,1932.4,11.954,+1.532,0.002,0.03,15
23.298,2000.0,2056.8,11.154,+0.732,0.002,0.03,15
23.403,2000.0,1962.8,11.954,+1.532,0.002,0.03,15
23.507,2000.0,2092.5,11.154,+0.732,0.002,0.03,15
23.612,2000.0,2104.9,10.573,+0.151,0.002,0.03,15
23.712,2000.0,1980.4,11.373,+0.951,0.002,0.03,15
23.817,2000.0,2086.8,10.573,+0.151,0.002,0.03,15
23.919,2000.0,1969.5,11.373,+0.951,0.002,0.03,15
24.022,2000.0,2074.9,10.573,+0.151,0.002,0.03,15
24.124,2000.0,1962.3,11.373,+0.951,0.002,0.03,15
24.230,2000.0,2064.8,10.573,+0.151,0.002,0.03,15
24.333,2000.0,1951.5,11.373,+0.951,0.002,0.03,15
24.437,2000.0,1952.6,11.434,+1.011,0.002,0.03,15
24.540,2000.0,2072.5,10.634,+0.211,0.002,0.03,15
24.644,2000.0,2070.6,10.550,+0.127,0.002,0.03,15
24.747,2000.0,2057.8,10.818,+0.395,0.002,0.03,15
24.851,2000.0,1945.2,11.618,+1.195,0.002,0.03,15
24.956,2000.0,2059.9,10.818,+0.395,0.002,0.03,15
25.058,2000.0,2069.5,10.393,-0.029,0.002,0.03,15
25.161,2000.0,2053.6,10.762,+0.340,0.002,0.03,15
25.263,2000.0,2040.2,11.083,+0.661,0.002,0.03,15
25.366,2000.0,1929.1,11.883,+1.461,0.002,0.03,15
25.468,2000.0,2060.1,11.083,+0.661,0.002,0.03,15
25.570,2000.0,2071.4,10.602,+0.180,0.002,0.03,15
25.672,2000.0,1954.7,11.402,+0.980,0.002,0.03,15
25.774,2000.0,2063.3,10.602,+0.180,0.002,0.03,15
25.877,2000.0,2065.3,10.410,-0.012,0.002,0.03,15
25.980,2000.0,2051.8,10.711,+0.289,0.002,0.03,15
26.086,2000.0,2042.5,10.906,+0.484,0.002,0.03,15
26.191,2000.0,1930.3,11.706,+1.284,0.002,0.03,15
26.295,2000.0,2044.0,10.906,+0.484,0.002,0.03,15
26.402,2000.0,2047.3,10.711,+0.289,0.002,0.03,15
26.508,2000.0,2044.9,10.694,+0.272,0.002,0.03,15
26.611,2000.0,2040.1,10.757,+0.335,0.002,0.03,15
26.715,2000.0,2032.8,10.911,+0.489,0.002,0.03,15
26.818,2000.0,2034.1,10.805,+0.383,0.002,0.03,15
26.922,2000.0,1928.5,11.605,+1.183,0.002,0.03,15
27.024,2000.0,1938.8,11.419,+0.996,0.002,0.03,15
27.131,2000.0,2068.8,10.619,+0.196,0.002,0.03,15
27.235,2000.0,2057.1,10.855,+0.432,0.002,0.03,15
27.338,2000.0,2047.8,11.039,+0.617,0.002,0.03,15
27.440,2000.0,2049.2,10.898,+0.476,0.002,0.03,15
27.547,2000.0,2051.9,10.713,+0.291,0.002,0.03,15
27.651,2000.0,1936.6,11.513,+1.091,0.002,0.03,15
27.756,2000.0,2053.7,10.713,+0.291,0.002,0.03,15
27.856,2000.0,2054.1,10.593,+0.170,0.002,0.03,15
27.958,2000.0,2049.8,10.622,+0.199,0.002,0.03,15
28.061,2000.0,1935.7,11.422,+0.999,0.002,0.03,15
28.165,2000.0,2038.4,10.622,+0.199,0.002,0.03,15
28.268,2000.0,2037.7,10.568,+0.145,0.002,0.03,15
28.372,2000.0,2028.2,10.796,+0.373,0.002,0.03,15
28.479,2000.0,2029.0,10.716,+0.293,0.002,0.03,15
28.583,2000.0,1922.2,11.516,+1.093,0.002,0.03,15
28.686,2000.0,1931.8,11.365,+0.943,0.002,0.03,15
28.790,2000.0,2056.4,10.565,+0.143,0.002,0.03,15
28.893,2000.0,1945.1,11.365,+0.943,0.002,0.03,15
28.997,2000.0,2059.2,10.565,+0.143,0.002,0.03,15
29.099,2000.0,2055.3,10.569,+0.147,0.002,0.03,15
29.206,2000.0,2040.1,10.946,+0.524,0.002,0.03,15
29.310,2000.0,1925.8,11.746,+1.324,0.002,0.03,15
29.415,2000.0,2047.9,10.946,+0.524,0.002,0.03,15
29.519,2000.0,2060.9,10.434,+0.011,0.002,0.03,15
29.626,2000.0,2052.7,10.576,+0.153,0.002,0.03,15
29.726,2000.0,2041.0,10.844,+0.422,0.002,0.03,15
29.833,2000.0,1928.2,11.644,+1.222,0.002,0.03,15
29.937,2000.0,2044.0,10.844,+0.422,0.002,0.03,15
30.042,2000.0,2051.4,10.521,+0.098,0.002,0.03,15
30.146,2000.0,1939.9,11.321,+0.898,0.002,0.03,15
30.249,2000.0,2039.8,10.521,+0.098,0.002,0.03,15
30.349,2000.0,2038.9,10.470,+0.048,0.002,0.03,15
30.454,2000.0,2030.1,10.673,+0.251,0.002,0.03,15
30.556,2000.0,2023.9,10.814,+0.391,0.002,0.03,15
30.661,2000.0,2022.7,10.802,+0.379,0.002,0.03,15
30.763,2000.0,2020.8,10.817,+0.395,0.002,0.03,15
30.870,2000.0,2022.4,10.726,+0.304,0.002,0.03,15
30.970,2000.0,2020.4,10.744,+0.322,0.002,0.03,15
31.077,2000.0,2009.6,11.357,+0.935,0.002,0.03,15
31.179,2000.0,2013.8,11.357,+0.935,0.002,0.03,15
31.284,2000.0,1923.0,12.157,+1.735,0.002,0.03,15
31.386,2000.0,2066.1,11.357,+0.935,0.002,0.03,15
31.491,2000.0,2086.7,10.563,+0.140,0.002,0.03,15
31.593,2000.0,2080.9,10.578,+0.155,0.002,0.03,15
31.698,2000.0,2065.0,10.923,+0.501,0.002,0.03,15
31.802,2000.0,1948.8,11.723,+1.301,0.002,0.03,15
31.905,2000.0,2069.2,10.923,+0.501,0.002,0.03,15
32.007,2000.0,1960.0,11.723,+1.301,0.002,0.03,15
32.114,2000.0,2080.4,10.923,+0.501,0.002,0.03,15
32.218,2000.0,1970.1,11.723,+1.301,0.002,0.03,15
32.322,2000.0,2089.5,10.923,+0.501,0.002,0.03,15
32.425,2000.0,1978.1,11.723,+1.301,0.002,0.03,15
32.529,2000.0,2100.6,10.923,+0.501,0.002,0.03,15
32.634,2000.0,1992.8,11.723,+1.301,0.002,0.03,15
32.738,2000.0,2106.9,10.923,+0.501,0.002,0.03,15
32.841,2000.0,2106.9,10.707,+0.285,0.002,0.03,15
32.947,2000.0,2091.1,11.000,+0.578,0.002,0.03,15
33.050,2000.0,1980.5,11.800,+1.378,0.002,0.03,15
33.154,2000.0,2094.5,11.000,+0.578,0.002,0.03,15
33.259,2000.0,2097.5,10.715,+0.293,0.002,0.03,15
33.365,2000.0,2081.9,11.020,+0.597,0.002,0.03,15
33.465,2000.0,2067.5,11.316,+0.893,0.002,0.03,15
33.570,2000.0,2067.9,11.170,+0.747,0.002,0.03,15
33.674,2000.0,1967.6,11.970,+1.547,0.002,0.03,15
33.779,2000.0,2092.9,11.170,+0.747,0.002,0.03,15
33.883,2000.0,2104.7,10.609,+0.186,0.002,0.03,15
33.986,2000.0,2094.4,10.727,+0.305,0.002,0.03,15
34.088,2000.0,2081.3,10.957,+0.534,0.002,0.03,15
34.193,2000.0,2076.9,10.938,+0.515,0.002,0.03,15
34.297,2000.0,2073.0,10.906,+0.484,0.002,0.03,15
34.402,2000.0,2066.1,10.981,+0.559,0.002,0.03,15
34.504,2000.0,1953.0,11.781,+1.359,0.002,0.03,15
34.608,2000.0,1966.3,11.451,+1.028,0.002,0.03,15
34.711,2000.0,2081.7,10.651,+0.228,0.002,0.03,15
34.815,2000.0,1972.1,11.451,+1.028,0.002,0.03,15
34.918,2000.0,2080.2,10.651,+0.228,0.002,0.03,15
35.025,2000.0,2076.8,10.599,+0.177,0.002,0.03,15
35.131,2000.0,2063.7,10.863,+0.441,0.002,0.03,15
35.236,2000.0,2058.1,10.916,+0.494,0.002,0.03,15
35.340,2000.0,1951.9,11.716,+1.294,0.002,0.03,15
35.445,2000.0,1960.9,11.525,+1.103,0.002,0.03,15
35.547,2000.0,2082.8,10.725,+0.303,0.002,0.03,15
35.652,2000.0,2076.8,10.751,+0.329,0.002,0.03,15
35.754,2000.0,2063.1,11.037,+0.614,0.002,0.03,15
35.861,2000.0,2057.3,11.098,+0.676,0.002,0.03,15
35.963,2000.0,2059.8,10.901,+0.478,0.002,0.03,15
36.068,2000.0,2060.1,10.772,+0.349,0.002,0.03,15
36.170,2000.0,2055.6,10.798,+0.375,0.002,0.03,15
36.277,2000.0,1948.2,11.598,+1.175,0.002,0.03,15
36.379,2000.0,2060.6,10.798,+0.375,0.002,0.03,15
36.484,2000.0,2069.3,10.398,-0.025,0.002,0.03,15
36.588,2000.0,2055.7,10.693,+0.271,0.002,0.03,15
36.693,2000.0,1942.4,11.493,+1.071,0.002,0.03,15
36.795,2000.0,1941.3,11.645,+1.223,0.002,0.03,15
36.900,2000.0,1953.3,11.379,+0.957,0.002,0.03,15
37.000,2000.0,1964.5,11.114,+0.692,0.002,0.03,15
37.105,2000.0,2081.3,10.314,-0.108,0.002,0.03,15
37.209,2000.0,2070.8,10.488,+0.066,0.002,0.03,15
37.314,2000.0,2053.2,10.909,+0.487,0.002,0.03,15
37.416,2000.0,2043.5,11.114,+0.691,0.002,0.03,15
37.520,2000.0,2046.4,10.934,+0.512,0.002,0.03,15
37.621,2000.0,2046.5,10.839,+0.416,0.002,0.03,15
37.725,2000.0,2041.0,10.923,+0.501,0.002,0.03,15
37.826,2000.0,1929.9,11.723,+1.301,0.002,0.03,15
37.932,2000.0,2050.0,10.923,+0.501,0.002,0.03,15
38.035,2000.0,2059.4,10.524,+0.102,0.002,0.03,15
38.137,2000.0,2054.2,10.570,+0.147,0.002,0.03,15
38.240,2000.0,2046.9,10.697,+0.275,0.002,0.03,15
38.342,2000.0,2042.5,10.742,+0.319,0.002,0.03,15
38.445,2000.0,2041.6,10.687,+0.264,0.002,0.03,15
38.547,2000.0,2037.3,10.741,+0.319,0.002,0.03,15
38.649,2000.0,2025.9,11.030,+0.608,0.002,0.03,15
38.754,2000.0,1921.0,11.830,+1.408,0.002,0.03,15
38.856,2000.0,2046.1,11.030,+0.608,0.002,0.03,15
38.961,2000.0,2059.3,10.518,+0.096,0.002,0.03,15
39.063,2000.0,2053.8,10.574,+0.152,0.002,0.03,15
39.168,2000.0,2045.3,10.738,+0.316,0.002,0.03,15
39.268,2000.0,1936.1,11.538,+1.116,0.002,0.03,15
39.375,2000.0,1942.1,11.475,+1.053,0.002,0.03,15
39.477,2000.0,2068.4,10.675,+0.253,0.002,0.03,15
39.580,2000.0,1952.5,11.475,+1.053,0.002,0.03,15
39.682,2000.0,2063.4,10.675,+0.253,0.002,0.03,15
39.787,2000.0,2062.7,10.569,+0.147,0.002,0.03,15
39.889,2000.0,2056.5,10.643,+0.220,0.002,0.03,15
39.996,2000.0,2044.6,10.909,+0.487,0.002,0.03,15
40.098,2000.0,2043.6,10.852,+0.430,0.002,0.03,15
40.203,2000.0,1935.0,11.652,+1.230,0.002,0.03,15
40.305,2000.0,2056.1,10.852,+0.430,0.002,0.03,15
40.412,2000.0,2064.9,10.459,+0.037,0.002,0.03,15
40.512,2000.0,2055.7,10.624,+0.202,0.002,0.03,15
40.617,2000.0,2038.5,11.061,+0.639,0.002,0.03,15
40.718,2000.0,1933.1,11.861,+1.439,0.002,0.03,15
40.822,2000.0,2054.4,11.061,+0.639,0.002,0.03,15
40.925,2000.0,2070.5,10.438,+0.016,0.002,0.03,15
41.031,2000.0,1958.9,11.238,+0.816,0.002,0.03,15
41.136,2000.0,2060.1,10.438,+0.016,0.002,0.03,15
41.241,2000.0,2055.6,10.461,+0.039,0.002,0.03,15
41.345,2000.0,2046.3,10.648,+0.226,0.002,0.03,15
41.448,2000.0,2037.4,10.839,+0.416,0.002,0.03,15
41.548,2000.0,1918.8,11.639,+1.216,0.002,0.03,15
41.653,2000.0,2040.1,10.839,+0.416,0.002,0.02,15
41.755,2000.0,2039.8,10.767,+0.344,0.002,0.02,15
41.860,2000.0,2038.2,10.721,+0.298,0.002,0.02,15
41.964,2000.0,2036.6,10.680,+0.257,0.002,0.02,15
42.071,2000.0,2034.8,10.647,+0.225,0.002,0.02,15
42.174,2000.0,2032.2,10.634,+0.211,0.002,0.02,15
42.278,2000.0,1927.8,11.434,+1.011,0.002,0.02,15
42.379,2000.0,2039.8,10.634,+0.211,0.002,0.02,15
42.483,2000.0,2045.0,10.439,+0.016,0.002,0.02,15
42.583,2000.0,2028.5,10.712,+0.290,0.002,0.02,15
42.688,2000.0,2021.3,10.813,+0.391,0.002,0.02,15
42.791,2000.0,2024.7,10.696,+0.273,0.002,0.02,15
42.893,2000.0,1919.0,11.496,+1.073,0.002,0.02,15
42.993,2000.0,2033.0,10.696,+0.273,0.002,0.02,15
43.100,2000.0,2038.1,10.517,+0.095,0.002,0.02,15
43.203,2000.0,2035.4,10.499,+0.076,0.002,0.02,15
43.307,2000.0,2027.8,10.596,+0.174,0.002,0.02,15
43.409,2000.0,1907.7,11.396,+0.974,0.002,0.02,15
43.516,2000.0,1917.9,11.356,+0.934,0.002,0.02,15
43.618,2000.0,1931.0,11.231,+0.809,0.002,0.02,15
43.723,2000.0,1945.0,11.063,+0.640,0.002,0.02,15
43.825,2000.0,2064.4,10.263,-0.160,0.002,0.02,15
43.930,2000.0,2052.7,10.392,-0.030,0.002,0.02,15
44.032,2000.0,2036.3,10.648,+0.226,0.002,0.02,15
44.139,2000.0,2030.0,10.714,+0.291,0.002,0.02,15
44.241,2000.0,2025.6,10.751,+0.329,0.002,0.02,15
44.344,2000.0,1918.1,11.551,+1.129,0.002,0.02,15
44.448,2000.0,2026.7,10.751,+0.329,0.002,0.02,15
44.553,2000.0,2034.5,10.527,+0.104,0.002,0.02,15
44.655,2000.0,2032.9,10.492,+0.070,0.002,0.02,15
44.760,2000.0,2026.8,10.561,+0.139,0.002,0.02,15
44.860,2000.0,1912.6,11.361,+0.939,0.002,0.02,15
44.966,2000.0,1921.6,11.338,+0.916,0.002,0.02,15
45.069,2000.0,1939.6,11.099,+0.677,0.002,0.02,15
45.173,2000.0,2051.9,10.299,-0.123,0.002,0.02,15
45.278,2000.0,2034.6,10.576,+0.154,0.002,0.02,15
45.382,2000.0,1915.3,11.376,+0.954,0.002,0.02,15
45.485,2000.0,1926.0,11.310,+0.888,0.002,0.02,15
45.589,2000.0,2044.6,10.510,+0.088,0.002,0.02,15
45.694,2000.0,2045.7,10.397,-0.025,0.002,0.02,15
45.798,2000.0,1926.3,11.197,+0.775,0.002,0.02,15
45.901,2000.0,1925.0,11.372,+0.950,0.002,0.02,15
46.007,2000.0,2047.6,10.572,+0.150,0.002,0.02,15
46.108,2000.0,2047.6,10.476,+0.054,0.002,0.02,15
46.214,2000.0,1920.9,11.276,+0.854,0.002,0.02,15
46.317,2000.0,1920.7,11.439,+1.016,0.002,0.02,15
46.419,2000.0,1935.8,11.266,+0.843,0.002,0.02,15
46.522,2000.0,2055.3,10.466,+0.043,0.002,0.02,15
46.627,2000.0,2051.5,10.440,+0.018,0.002,0.02,15
46.729,2000.0,2040.2,10.585,+0.163,0.002,0.02,15
46.834,2000.0,1929.3,11.385,+0.963,0.002,0.02,15
46.936,2000.0,2038.7,10.585,+0.163,0.002,0.02,15
47.041,2000.0,2044.9,10.371,-0.051,0.002,0.02,15
47.143,2000.0,2026.0,10.696,+0.274,0.002,0.02,15
47.244,2000.0,2015.0,11.496,+1.074,0.002,0.04,15
47.346,2000.0,1920.8,12.296,+1.874,0.002,0.04,15
47.451,2000.0,1957.8,11.496,+1.074,0.002,0.04,15
47.553,2000.0,2090.7,10.696,+0.274,0.002,0.04,15
47.660,2000.0,2087.2,10.660,+0.238,0.002,0.04,15
47.763,2000.0,2071.9,11.129,+0.706,0.002,0.04,15
47.867,2000.0,2070.3,11.050,+0.628,0.002,0.04,15
47.970,2000.0,2073.1,10.792,+0.369,0.002,0.04,15
48.074,2000.0,2070.9,10.738,+0.315,0.002,0.04,15
48.177,2000.0,2055.4,11.248,+0.826,0.002,0.04,15
48.281,2000.0,2050.9,11.325,+0.903,0.002,0.04,15
48.384,2000.0,2058.2,10.917,+0.495,0.002,0.04,15
48.488,2000.0,2063.7,10.572,+0.150,0.002,0.04,15
48.591,2000.0,1954.7,11.372,+0.950,0.002,0.04,15
48.695,2000.0,1955.9,11.410,+0.988,0.002,0.04,15
48.798,2000.0,2071.2,10.610,+0.188,0.002,0.04,15
48.902,2000.0,2073.9,10.354,-0.068,0.002,0.04,15
49.005,2000.0,1948.8,11.154,+0.732,0.002,0.04,15
49.111,2000.0,2051.5,10.354,-0.068,0.002,0.04,15
49.216,2000.0,1931.0,11.154,+0.732,0.002,0.04,15
49.318,2000.0,1924.7,11.556,+1.134,0.002,0.04,15
49.421,2000.0,2047.5,10.756,+0.334,0.002,0.04,15
49.525,2000.0,2055.2,10.335,-0.087,0.002,0.04,15
49.628,2000.0,2045.8,10.622,+0.199,0.002,0.04,15
49.735,2000.0,2036.0,10.939,+0.517,0.002,0.04,15
49.837,2000.0,2031.9,11.043,+0.620,0.002,0.04,15
49.942,2000.0,2038.6,10.697,+0.275,0.002,0.04,15
50.046,2000.0,2036.2,10.719,+0.297,0.002,0.04,15
50.151,2000.0,2027.8,11.000,+0.577,0.002,0.04,15
50.251,2000.0,2022.6,11.161,+0.738,0.002,0.04,15
50.356,2000.0,2028.4,10.875,+0.453,0.002,0.04,15
50.456,2000.0,1929.2,11.675,+1.253,0.002,0.04,15
50.559,2000.0,1939.1,11.400,+0.978,0.002,0.04,15
50.663,2000.0,1958.2,10.723,+0.301,0.002,0.04,15
50.766,2000.0,2071.3,9.923,-0.499,0.002,0.04,15
50.870,2000.0,2049.3,10.704,+0.282,0.002,0.04,15
50.973,2000.0,2030.7,11.388,+0.965,0.002,0.04,15
51.075,2000.0,2030.5,11.332,+0.910,0.002,0.04,15
51.180,2000.0,2041.2,10.825,+0.402,0.002,0.04,15
51.282,2000.0,2042.6,10.682,+0.259,0.002,0.04,15
51.387,2000.0,2040.5,10.684,+0.262,0.002,0.04,15
51.492,2000.0,1934.9,11.484,+1.062,0.002,0.04,15
51.596,2000.0,2046.1,10.684,+0.262,0.002,0.04,15
51.699,2000.0,1941.9,11.484,+1.062,0.002,0.04,15
51.801,2000.0,2056.9,10.684,+0.262,0.002,0.04,15
51.904,2000.0,2057.1,10.559,+0.137,0.002,0.04,15
52.006,2000.0,2043.1,11.359,+0.937,0.002,0.08,15
52.109,2000.0,1932.5,12.159,+1.737,0.002,0.08,15
52.211,2000.0,2066.4,11.359,+0.937,0.002,0.08,15
52.312,2000.0,2088.0,10.559,+0.137,0.002,0.08,15
52.416,2000.0,2085.6,10.580,+0.158,0.002,0.08,15
52.521,2000.0,1962.9,11.380,+0.958,0.002,0.08,15
52.626,2000.0,2066.6,10.580,+0.158,0.002,0.08,15
52.726,2000.0,2069.3,10.223,-0.199,0.002,0.08,15
52.831,2000.0,1949.3,11.023,+0.601,0.002,0.08,15
52.931,2000.0,2047.8,10.223,-0.199,0.002,0.08,15
53.036,2000.0,2033.3,11.023,+0.601,0.002,0.08,15
53.136,2000.0,2020.1,11.823,+1.401,0.002,0.08,15
53.239,2000.0,2043.8,11.023,+0.601,0.002,0.08,15
53.343,2000.0,2057.0,10.223,-0.199,0.002,0.08,15
53.448,2000.0,2046.3,10.988,+0.565,0.002,0.08,15
53.551,2000.0,2037.5,11.619,+1.197,0.002,0.08,15
53.655,2000.0,2057.7,10.819,+0.397,0.002,0.08,15
53.758,2000.0,2062.5,10.313,-0.110,0.002,0.08,15
53.862,2000.0,2053.4,10.929,+0.507,0.002,0.08,15
53.963,2000.0,2039.8,11.729,+1.307,0.002,0.08,15
54.065,2000.0,2051.4,10.929,+0.507,0.002,0.08,15
54.168,2000.0,1949.6,11.729,+1.307,0.002,0.08,15
54.270,2000.0,2070.6,10.929,+0.507,0.002,0.08,15
54.373,2000.0,1965.5,11.729,+1.307,0.002,0.08,15
54.475,2000.0,2083.1,10.929,+0.507,0.002,0.08,15
54.578,2000.0,2091.1,10.129,-0.293,0.002,0.08,15
54.682,2000.0,2069.7,10.929,+0.507,0.002,0.08,15
54.787,2000.0,2061.1,11.497,+1.074,0.002,0.08,15
54.893,2000.0,1961.1,12.297,+1.874,0.002,0.08,15
54.996,2000.0,2095.0,11.497,+1.074,0.002,0.08,15
55.102,2000.0,2113.1,10.697,+0.274,0.002,0.08,15
55.203,2000.0,2105.3,11.104,+0.682,0.002,0.08,15
55.307,2000.0,2098.8,11.426,+1.003,0.002,0.08,15
55.410,2000.0,2104.0,10.808,+0.385,0.002,0.08,15
55.512,2000.0,2103.1,10.667,+0.245,0.002,0.08,15
55.617,2000.0,1980.3,11.467,+1.045,0.002,0.08,15
55.721,2000.0,2088.8,10.667,+0.245,0.002,0.08,15
55.824,2000.0,1977.9,11.467,+1.045,0.002,0.08,15
55.928,2000.0,2092.0,10.667,+0.245,0.002,0.08,15
56.032,2000.0,2085.1,11.047,+0.624,0.002,0.08,15
56.137,2000.0,2073.4,11.836,+1.413,0.002,0.08,15
56.241,2000.0,1982.3,12.636,+2.213,0.002,0.08,15
56.348,2000.0,2008.8,11.836,+1.413,0.002,0.08,15
56.448,2000.0,2030.1,11.036,+0.613,0.002,0.08,15
56.553,2000.0,2139.4,10.236,-0.187,0.002,0.08,15
56.655,2000.0,2119.0,11.036,+0.613,0.002,0.08,15
56.760,2000.0,1992.4,11.836,+1.413,0.002,0.08,15
56.862,2000.0,2116.9,11.036,+0.613,0.002,0.08,15
56.967,2000.0,2008.5,11.836,+1.413,0.002,0.08,15
57.071,2000.0,2129.9,11.036,+0.613,0.002,0.08,15
57.174,2000.0,2020.8,11.836,+1.413,0.002,0.08,15
57.276,2000.0,2142.5,11.036,+0.613,0.002,0.08,15
57.381,2000.0,2138.1,11.114,+0.692,0.002,0.08,15
57.481,2000.0,2018.4,11.914,+1.492,0.002,0.08,15
57.583,2000.0,2132.6,11.114,+0.692,0.002,0.08,15
57.686,2000.0,2128.9,11.155,+0.733,0.002,0.08,15
57.788,2000.0,2013.2,11.955,+1.533,0.002,0.08,15
57.893,2000.0,2020.5,11.155,+0.733,0.002,0.08,15
57.997,2000.0,2025.4,10.709,+0.286,0.002,0.08,15
58.100,2000.0,2118.7,9.909,-0.514,0.002,0.08,15
58.204,2000.0,2091.5,10.709,+0.286,0.002,0.08,15
58.311,2000.0,2073.8,11.509,+1.086,0.002,0.08,15
58.413,2000.0,1964.4,12.309,+1.886,0.002,0.08,15
58.514,2000.0,2104.2,11.509,+1.086,0.002,0.08,15
58.618,2000.0,2012.3,12.309,+1.886,0.002,0.08,15
58.721,2000.0,2148.9,11.509,+1.086,0.002,0.08,15
58.825,2000.0,2159.5,10.709,+0.286,0.002,0.08,15
58.930,2000.0,2140.8,11.509,+1.086,0.002,0.08,15
59.032,2000.0,2018.5,12.309,+1.886,0.002,0.08,15
59.135,2000.0,2149.8,11.509,+1.086,0.002,0.08,15
59.237,2000.0,2158.9,10.709,+0.286,0.002,0.08,15
59.341,2000.0,2146.5,11.407,+0.985,0.002,0.08,15
59.448,2000.0,2141.9,11.489,+1.067,0.002,0.08,15
59.552,2000.0,2146.6,10.821,+0.399,0.002,0.08,15
59.657,2000.0,2141.0,10.988,+0.566,0.002,0.08,15
59.760,2000.0,2127.1,11.788,+1.366,0.002,0.08,15
59.864,2000.0,2127.2,11.532,+1.110,0.002,0.08,15
59.967,2000.0,2027.6,12.332,+1.910,0.002,0.08,15
60.069,2000.0,2151.4,11.532,+1.110,0.002,0.08,15
60.172,2000.0,2164.4,10.732,+0.310,0.002,0.08,15
60.276,2000.0,2149.3,11.532,+1.110,0.002,0.08,15
60.381,2000.0,2147.5,11.376,+0.954,0.002,0.08,15
60.483,2000.0,2026.7,12.176,+1.754,0.002,0.08,15
60.586,2000.0,2153.8,11.376,+0.954,0.002,0.08,15
60.690,2000.0,2155.8,10.903,+0.480,0.002,0.08,15
60.793,2000.0,2142.0,11.703,+1.280,0.002,0.08,15
60.898,2000.0,2135.8,11.928,+1.506,0.002,0.08,15
61.000,2000.0,2152.8,11.128,+0.706,0.002,0.08,15
61.104,2000.0,2153.4,10.771,+0.349,0.002,0.08,15
61.207,2000.0,2027.8,11.571,+1.149,0.002,0.08,15
61.308,2000.0,2023.2,11.617,+1.195,0.002,0.02,15
61.409,2000.0,2028.9,11.444,+1.022,0.002,0.02,15
61.513,2000.0,2032.8,11.300,+0.878,0.002,0.02,15
61.616,2000.0,2148.2,10.500,+0.078,0.002,0.02,15
61.720,2000.0,2137.0,10.449,+0.026,0.002,0.02,15
61.825,2000.0,2107.7,10.820,+0.398,0.002,0.02,15
61.930,2000.0,2094.2,10.902,+0.480,0.002,0.02,15
62.032,2000.0,2082.7,10.967,+0.545,0.002,0.02,15
62.137,2000.0,2071.1,11.057,+0.635,0.002,0.02,15
62.239,2000.0,1960.8,11.857,+1.435,0.002,0.02,15
62.341,2000.0,2088.9,11.057,+0.635,0.002,0.02,15
62.444,2000.0,2100.4,10.627,+0.205,0.002,0.02,15
62.548,2000.0,1979.8,11.427,+1.005,0.002,0.02,15
62.651,2000.0,2084.7,10.627,+0.205,0.002,0.02,15
62.756,2000.0,1975.2,11.427,+1.005,0.002,0.02,15
62.858,2000.0,2085.0,10.627,+0.205,0.002,0.02,15
62.963,2000.0,2081.0,10.544,+0.122,0.002,0.02,15
63.065,2000.0,2065.9,10.714,+0.292,0.002,0.02,15
63.170,2000.0,2051.5,10.900,+0.477,0.002,0.02,15
63.272,2000.0,2043.1,10.981,+0.558,0.002,0.02,15
63.377,2000.0,2046.3,10.825,+0.402,0.002,0.02,15
63.479,2000.0,2048.5,10.684,+0.262,0.002,0.02,15
63.584,2000.0,2043.6,10.695,+0.272,0.002,0.02,15
63.688,2000.0,2035.6,10.783,+0.360,0.002,0.02,15
63.793,2000.0,2036.5,10.693,+0.271,0.002,0.02,15
63.895,2000.0,2032.0,10.718,+0.296,0.002,0.02,15
64.000,2000.0,2027.6,10.750,+0.328,0.002,0.02,15
64.102,2000.0,2019.8,10.867,+0.445,0.002,0.02,15
64.207,2000.0,1910.3,11.667,+1.245,0.002,0.02,15
64.309,2000.0,1930.6,11.400,+0.977,0.002,0.02,15
64.412,2000.0,2059.3,10.600,+0.177,0.002,0.02,15
64.514,2000.0,2058.6,10.497,+0.074,0.002,0.02,15
64.617,2000.0,2049.3,10.583,+0.161,0.002,0.02,15
64.720,2000.0,2039.7,10.695,+0.273,0.002,0.02,15
64.822,2000.0,2033.2,10.761,+0.338,0.002,0.02,15
64.929,2000.0,2027.7,10.814,+0.391,0.002,0.02,15
65.033,2000.0,2023.1,10.861,+0.438,0.002,0.02,15
65.138,2000.0,2021.2,10.856,+0.433,0.002,0.02,15
65.242,2000.0,2029.1,10.639,+0.217,0.002,0.02,15
65.344,2000.0,2030.1,10.559,+0.136,0.002,0.02,15
65.449,2000.0,2024.4,10.624,+0.201,0.002,0.02,15
65.549,2000.0,2019.1,10.693,+0.270,0.002,0.02,15
65.654,2000.0,2016.1,10.721,+0.299,0.002,0.02,15
65.756,2000.0,2014.2,11.042,+0.620,0.002,0.02,15
65.863,2000.0,2012.9,11.042,+0.620,0.002,0.02,15
65.968,2000.0,2017.9,10.649,+0.227,0.002,0.02,15
66.072,2000.0,2016.6,10.642,+0.220,0.002,0.02,15
66.172,2000.0,2020.8,10.515,+0.093,0.002,0.02,15
66.274,2000.0,1908.6,11.315,+0.893,0.002,0.02,15
66.378,2000.0,2026.2,10.515,+0.093,0.002,0.02,15
66.482,2000.0,1922.2,11.315,+0.893,0.002,0.02,15
66.587,2000.0,2038.0,10.515,+0.093,0.002,0.02,15
66.691,2000.0,1932.5,11.315,+0.893,0.002,0.02,15
66.794,2000.0,2040.6,10.515,+0.093,0.002,0.02,15
66.896,2000.0,2036.6,10.522,+0.100,0.002,0.02,15
66.999,2000.0,2034.0,10.505,+0.083,0.002,0.02,15
67.103,2000.0,1922.3,11.305,+0.883,0.002,0.02,15
67.207,2000.0,2037.4,10.505,+0.083,0.002,0.02,15
67.314,2000.0,2036.6,10.447,+0.025,0.002,0.02,15
67.418,2000.0,1919.7,11.247,+0.825,0.002,0.02,15
67.521,2000.0,2027.6,10.447,+0.025,0.002,0.02,15
67.623,2000.0,2022.3,10.508,+0.086,0.002,0.02,15
67.726,2000.0,2009.7,10.955,+0.533,0.002,0.02,15
67.828,2000.0,2011.0,10.955,+0.533,0.002,0.02,15
67.931,2000.0,2023.5,10.437,+0.015,0.002,0.02,15
68.031,2000.0,2021.5,10.434,+0.012,0.002,0.02,15
68.137,2000.0,2013.4,10.865,+0.442,0.002,0.02,15
68.242,2000.0,2013.5,10.865,+0.442,0.002,0.02,15
68.346,2000.0,1910.7,11.665,+1.242,0.002,0.02,15
68.449,2000.0,1928.6,11.450,+1.028,0.002,0.02,15
68.555,2000.0,2048.6,10.650,+0.228,0.002,0.02,15
68.658,2000.0,2045.9,10.612,+0.190,0.002,0.02,15
68.764,2000.0,2036.3,10.730,+0.308,0.002,0.02,15
68.867,2000.0,1929.5,11.530,+1.108,0.002,0.02,15
68.971,2000.0,2042.6,10.730,+0.308,0.002,0.02,15
69.074,2000.0,2051.1,10.459,+0.037,0.002,0.02,15
69.176,2000.0,2042.4,10.549,+0.127,0.002,0.02,15
69.276,2000.0,2032.6,10.680,+0.258,0.002,0.02,15
69.381,2000.0,2025.9,10.761,+0.339,0.002,0.02,15
69.483,2000.0,2016.8,10.910,+0.487,0.002,0.02,15
69.585,2000.0,2016.5,10.882,+0.460,0.002,0.02,15
69.690,2000.0,1920.0,11.682,+1.260,0.002,0.02,15
69.795,2000.0,2041.6,10.882,+0.460,0.002,0.02,15
69.897,2000.0,1953.0,11.682,+1.260,0.002,0.02,15
70.004,2000.0,2067.0,10.882,+0.460,0.002,0.02,15
70.106,2000.0,1971.1,11.682,+1.260,0.002,0.02,15
70.211,2000.0,1977.0,11.609,+1.186,0.002,0.02,15
70.315,2000.0,2096.0,10.809,+0.386,0.002,0.02,15
70.420,2000.0,2098.0,10.573,+0.150,0.002,0.02,15
70.522,2000.0,2075.8,10.865,+0.443,0.002,0.02,15
70.629,2000.0,2061.8,11.020,+0.598,0.002,0.02,15
70.731,2000.0,2059.4,10.949,+0.527,0.002,0.02,15
70.836,2000.0,2062.8,10.756,+0.333,0.002,0.02,15
70.938,2000.0,2059.2,10.710,+0.288,0.002,0.02,15
71.045,2000.0,2049.6,10.803,+0.380,0.002,0.02,15
71.145,2000.0,2047.1,10.759,+0.337,0.002,0.02,15
71.252,2000.0,2044.6,10.720,+0.298,0.002,0.02,15
71.358,2000.0,2038.7,10.761,+0.339,0.002,0.02,15
71.465,2000.0,2036.1,10.740,+0.318,0.002,0.02,15
71.567,2000.0,2026.8,10.872,+0.450,0.002,0.02,15
71.670,0.0,2023.2,0.000,+0.000,0.002,0.02,15
71.773,0.0,1823.7,0.000,+0.000,0.002,0.02,15
71.875,0.0,1522.9,0.000,+0.000,0.002,0.02,15
71.976,0.0,1262.4,0.000,+0.000,0.002,0.02,15
72.079,0.0,987.7,0.000,+0.000,0.002,0.02,15
72.179,0.0,864.1,0.000,+0.000,0.002,0.02,15
72.283,0.0,680.7,0.000,+0.000,0.002,0.02,15
72.388,0.0,562.5,0.000,+0.000,0.002,0.02,15
72.492,0.0,482.9,0.000,+0.000,0.002,0.02,15
72.595,0.0,384.7,0.000,+0.000,0.002,0.02,15
72.700,0.0,316.9,0.000,+0.000,0.002,0.02,15
72.804,0.0,287.2,0.000,+0.000,0.002,0.02,15
72.909,0.0,215.1,0.000,+0.000,0.002,0.02,15
73.011,0.0,189.2,0.000,+0.000,0.002,0.02,15
73.116,0.0,158.9,0.000,+0.000,0.002,0.02,15
73.218,0.0,158.9,0.000,+0.000,0.002,0.02,15
73.321,0.0,121.7,0.000,+0.000,0.002,0.02,15
73.423,0.0,101.4,0.000,+0.000,0.002,0.02,15
73.528,0.0,101.4,0.000,+0.000,0.002,0.02,15
73.630,0.0,101.4,0.000,+0.000,0.002,0.02,15
73.733,0.0,0.0,0.000,+0.000,0.002,0.02,15
73.837,0.0,0.0,0.000,+0.000,0.002,0.02,15
73.940,0.0,0.0,0.000,+0.000,0.002,0.02,15
74.042,0.0,0.0,0.000,+0.000,0.002,0.02,15
74.145,0.0,0.0,0.000,+0.000,0.002,0.02,15
74.249,0.0,0.0,0.000,+0.000,0.002,0.02,15
74.354,0.0,0.0,0.000,+0.000,0.002,0.02,15
74.456,0.0,0.0,0.000,+0.000,0.002,0.02,15
74.560,0.0,0.0,0.000,+0.000,0.002,0.02,15
74.663,0.0,0.0,0.000,+0.000,0.002,0.02,15
74.768,0.0,0.0,0.000,+0.000,0.002,0.02,15
74.870,0.0,0.0,0.000,+0.000,0.002,0.02,15
74.977,0.0,0.0,0.000,+0.000,0.002,0.02,15
75.081,0.0,0.0,0.000,+0.000,0.002,0.02,15
75.186,0.0,0.0,0.000,+0.000,0.002,0.02,15
75.288,0.0,0.0,0.000,+0.000,0.002,0.02,15
75.392,0.0,0.0,0.000,+0.000,0.002,0.02,15
75.495,0.0,0.0,0.000,+0.000,0.002,0.02,15
75.599,0.0,0.0,0.000,+0.000,0.002,0.02,15
75.702,0.0,0.0,0.000,+0.000,0.002,0.02,15
75.806,0.0,0.0,0.000,+0.000,0.002,0.02,15
75.911,0.0,0.0,0.000,+0.000,0.002,0.02,15
76.015,0.0,0.0,0.000,+0.000,0.002,0.02,15
76.118,0.0,0.0,0.000,+0.000,0.002,0.02,15
76.222,0.0,0.0,0.000,+0.000,0.002,0.02,15
76.329,0.0,0.0,0.000,+0.000,0.002,0.02,15
76.433,0.0,0.0,0.000,+0.000,0.002,0.02,15
76.535,0.0,0.0,0.000,+0.000,0.002,0.02,15
76.640,0.0,0.0,0.000,+0.000,0.002,0.02,15
76.742,0.0,0.0,0.000,+0.000,0.002,0.02,15
76.847,0.0,0.0,0.000,+0.000,0.002,0.02,15
76.947,0.0,0.0,0.000,+0.000,0.002,0.02,15
77.054,0.0,0.0,0.000,+0.000,0.002,0.02,15
77.156,0.0,0.0,0.000,+0.000,0.002,0.02,15
77.258,0.0,0.0,0.000,+0.000,0.002,0.02,15
77.365,0.0,0.0,0.000,+0.000,0.002,0.02,15
77.469,0.0,0.0,0.000,+0.000,0.002,0.02,15
77.572,0.0,0.0,0.000,+0.000,0.002,0.02,15
77.676,0.0,0.0,0.000,+0.000,0.002,0.02,15
77.779,0.0,0.0,0.000,+0.000,0.002,0.02,15
77.883,0.0,0.0,0.000,+0.000,0.002,0.02,15
77.986,0.0,0.0,0.000,+0.000,0.002,0.02,15
78.093,0.0,0.0,0.000,+0.000,0.002,0.02,15
78.195,0.0,0.0,0.000,+0.000,0.002,0.02,15
78.300,0.0,0.0,0.000,+0.000,0.002,0.02,15
78.402,0.0,0.0,0.000,+0.000,0.002,0.02,15
78.504,0.0,0.0,0.000,+0.000,0.002,0.02,15
78.607,0.0,0.0,0.000,+0.000,0.002,0.02,15
78.709,0.0,0.0,0.000,+0.000,0.002,0.02,15
78.812,0.0,0.0,0.000,+0.000,0.002,0.02,15
78.916,0.0,0.0,0.000,+0.000,0.002,0.02,15
79.019,0.0,0.0,0.000,+0.000,0.002,0.02,15
79.125,0.0,0.0,0.000,+0.000,0.002,0.02,15
79.230,0.0,0.0,0.000,+0.000,0.002,0.02,15
79.332,0.0,0.0,0.000,+0.000,0.002,0.02,15
79.436,0.0,0.0,0.000,+0.000,0.002,0.02,15
79.539,0.0,0.0,0.000,+0.000,0.002,0.02,15
79.643,0.0,0.0,0.000,+0.000,0.002,0.02,15
79.746,0.0,0.0,0.000,+0.000,0.002,0.02,15
79.850,0.0,0.0,0.000,+0.000,0.002,0.02,15
79.955,0.0,0.0,0.000,+0.000,0.002,0.02,15
80.057,0.0,0.0,0.000,+0.000,0.002,0.02,15
80.162,0.0,0.0,0.000,+0.000,0.002,0.02,15
80.264,0.0,0.0,0.000,+0.000,0.002,0.02,15
80.369,0.0,0.0,0.000,+0.000,0.002,0.02,15
80.469,0.0,0.0,0.000,+0.000,0.002,0.02,15
80.572,0.0,0.0,0.000,+0.000,0.002,0.02,15
80.674,0.0,0.0,0.000,+0.000,0.002,0.02,15
80.776,0.0,0.0,0.000,+0.000,0.002,0.02,15
80.879,0.0,0.0,0.000,+0.000,0.002,0.02,15
80.983,0.0,0.0,0.000,+0.000,0.002,0.02,15
81.086,0.0,0.0,0.000,+0.000,0.002,0.02,15
81.190,0.0,0.0,0.000,+0.000,0.002,0.02,15
81.293,0.0,0.0,0.000,+0.000,0.002,0.02,15
81.397,0.0,0.0,0.000,+0.000,0.002,0.02,15
81.497,0.0,0.0,0.000,+0.000,0.002,0.02,15
81.602,0.0,0.0,0.000,+0.000,0.002,0.02,15
81.704,0.0,0.0,0.000,+0.000,0.002,0.02,15
81.809,0.0,0.0,0.000,+0.000,0.002,0.02,15
81.911,0.0,0.0,0.000,+0.000,0.002,0.02,15
82.016,0.0,0.0,0.000,+0.000,0.002,0.02,15
82.118,0.0,0.0,0.000,+0.000,0.002,0.02,15
82.225,0.0,0.0,0.000,+0.000,0.002,0.02,15
82.329,0.0,0.0,0.000,+0.000,0.002,0.02,15
82.434,0.0,0.0,0.000,+0.000,0.002,0.02,15
82.536,0.0,0.0,0.000,+0.000,0.002,0.02,15
82.640,0.0,0.0,0.000,+0.000,0.002,0.02,15
82.743,0.0,0.0,0.000,+0.000,0.002,0.02,15
82.850,0.0,0.0,0.000,+0.000,0.002,0.02,15
82.956,0.0,0.0,0.000,+0.000,0.002,0.02,15
83.058,0.0,0.0,0.000,+0.000,0.002,0.02,15
83.158,0.0,0.0,0.000,+0.000,0.002,0.02,15
83.265,0.0,0.0,0.000,+0.000,0.002,0.02,15
83.369,0.0,0.0,0.000,+0.000,0.002,0.02,15
83.473,0.0,0.0,0.000,+0.000,0.002,0.02,15
83.578,0.0,0.0,0.000,+0.000,0.002,0.02,15
83.683,0.0,0.0,0.000,+0.000,0.002,0.02,15
83.785,0.0,0.0,0.000,+0.000,0.002,0.02,15
83.887,0.0,0.0,0.000,+0.000,0.002,0.02,15
83.990,0.0,0.0,0.000,+0.000,0.002,0.02,15
84.094,0.0,0.0,0.000,+0.000,0.002,0.02,15
84.197,0.0,0.0,0.000,+0.000,0.002,0.02,15
84.301,0.0,0.0,0.000,+0.000,0.002,0.02,15
84.402,0.0,0.0,0.000,+0.000,0.002,0.02,15
84.506,0.0,0.0,0.000,+0.000,0.002,0.02,15
84.611,0.0,0.0,0.000,+0.000,0.002,0.02,15
84.715,0.0,0.0,0.000,+0.000,0.002,0.02,15
84.818,0.0,0.0,0.000,+0.000,0.002,0.02,15
84.922,0.0,0.0,0.000,+0.000,0.002,0.02,15
85.025,0.0,0.0,0.000,+0.000,0.002,0.02,15
85.127,0.0,0.0,0.000,+0.000,0.002,0.02,15
85.230,0.0,0.0,0.000,+0.000,0.002,0.02,15
85.334,0.0,0.0,0.000,+0.000,0.002,0.02,15
85.439,0.0,0.0,0.000,+0.000,0.002,0.02,15
85.543,0.0,0.0,0.000,+0.000,0.002,0.02,15
85.646,0.0,0.0,0.000,+0.000,0.002,0.02,15
85.748,0.0,0.0,0.000,+0.000,0.002,0.02,15
85.852,0.0,0.0,0.000,+0.000,0.002,0.02,15
85.959,0.0,0.0,0.000,+0.000,0.002,0.02,15
86.061,0.0,0.0,0.000,+0.000,0.002,0.02,15
86.164,0.0,0.0,0.000,+0.000,0.002,0.02,15
86.270,0.0,0.0,0.000,+0.000,0.002,0.02,15
86.375,0.0,0.0,0.000,+0.000,0.002,0.02,15
86.481,0.0,0.0,0.000,+0.000,0.002,0.02,15
86.586,0.0,0.0,0.000,+0.000,0.002,0.02,15
86.688,0.0,0.0,0.000,+0.000,0.002,0.02,15
86.793,0.0,0.0,0.000,+0.000,0.002,0.02,15
86.895,0.0,0.0,0.000,+0.000,0.002,0.02,15
86.999,0.0,0.0,0.000,+0.000,0.002,0.02,15
87.104,0.0,0.0,0.000,+0.000,0.002,0.02,15
87.208,0.0,0.0,0.000,+0.000,0.002,0.02,15
87.311,0.0,0.0,0.000,+0.000,0.002,0.02,15
87.415,0.0,0.0,0.000,+0.000,0.002,0.02,15
87.518,0.0,0.0,0.000,+0.000,0.002,0.02,15
87.624,0.0,0.0,0.000,+0.000,0.002,0.02,15
87.727,0.0,0.0,0.000,+0.000,0.002,0.02,15
87.829,0.0,0.0,0.000,+0.000,0.002,0.02,15
87.933,0.0,0.0,0.000,+0.000,0.002,0.02,15
88.040,0.0,0.0,0.000,+0.000,0.002,0.02,15
88.144,0.0,0.0,0.000,+0.000,0.002,0.02,15
88.249,0.0,0.0,0.000,+0.000,0.002,0.02,15
88.351,0.0,0.0,0.000,+0.000,0.002,0.02,15
88.453,0.0,0.0,0.000,+0.000,0.002,0.02,15
88.556,0.0,0.0,0.000,+0.000,0.002,0.02,15
88.660,0.0,0.0,0.000,+0.000,0.002,0.02,15
88.763,0.0,0.0,0.000,+0.000,0.002,0.02,15
88.867,0.0,0.0,0.000,+0.000,0.002,0.02,15
88.972,0.0,0.0,0.000,+0.000,0.002,0.02,15
89.078,0.0,0.0,0.000,+0.000,0.002,0.02,15
89.179,0.0,0.0,0.000,+0.000,0.002,0.02,15
89.283,0.0,0.0,0.000,+0.000,0.002,0.02,15
89.387,0.0,0.0,0.000,+0.000,0.002,0.02,15
89.492,0.0,0.0,0.000,+0.000,0.002,0.02,15
89.594,0.0,0.0,0.000,+0.000,0.002,0.02,15
89.699,0.0,0.0,0.000,+0.000,0.002,0.02,15
89.799,0.0,0.0,0.000,+0.000,0.002,0.02,15
89.904,0.0,0.0,0.000,+0.000,0.002,0.02,15
90.006,0.0,0.0,0.000,+0.000,0.002,0.02,15
90.109,0.0,0.0,0.000,+0.000,0.002,0.02,15
90.211,0.0,0.0,0.000,+0.000,0.002,0.02,15
90.316,0.0,0.0,0.000,+0.000,0.002,0.02,15
90.418,0.0,0.0,0.000,+0.000,0.002,0.02,15
90.522,0.0,0.0,0.000,+0.000,0.002,0.02,15
90.625,0.0,0.0,0.000,+0.000,0.002,0.02,15
90.727,0.0,0.0,0.000,+0.000,0.002,0.02,15
90.830,0.0,0.0,0.000,+0.000,0.002,0.02,15
90.934,0.0,0.0,0.000,+0.000,0.002,0.02,15
91.038,0.0,0.0,0.000,+0.000,0.002,0.02,15
91.145,0.0,0.0,0.000,+0.000,0.002,0.02,15
91.247,0.0,0.0,0.000,+0.000,0.002,0.02,15
91.354,0.0,0.0,0.000,+0.000,0.002,0.02,15
91.458,0.0,0.0,0.000,+0.000,0.002,0.02,15
91.563,0.0,0.0,0.000,+0.000,0.002,0.02,15
91.665,0.0,0.0,0.000,+0.000,0.002,0.02,15
91.770,0.0,0.0,0.000,+0.000,0.002,0.02,15
91.872,0.0,0.0,0.000,+0.000,0.002,0.02,15
91.977,0.0,0.0,0.000,+0.000,0.002,0.02,15
92.079,0.0,0.0,0.000,+0.000,0.002,0.02,15
92.185,0.0,0.0,0.000,+0.000,0.002,0.02,15
92.286,0.0,0.0,0.000,+0.000,0.002,0.02,15
92.392,0.0,0.0,0.000,+0.000,0.002,0.02,15
92.495,0.0,0.0,0.000,+0.000,0.002,0.02,15
92.599,0.0,0.0,0.000,+0.000,0.002,0.02,15
92.702,0.0,0.0,0.000,+0.000,0.002,0.02,15
92.806,0.0,0.0,0.000,+0.000,0.002,0.02,15
92.913,0.0,0.0,0.000,+0.000,0.002,0.02,15
93.019,0.0,0.0,0.000,+0.000,0.002,0.02,15
93.119,0.0,0.0,0.000,+0.000,0.002,0.02,15
93.224,0.0,0.0,0.000,+0.000,0.002,0.02,15
93.326,0.0,0.0,0.000,+0.000,0.002,0.02,15
93.429,0.0,0.0,0.000,+0.000,0.002,0.02,15
93.529,0.0,0.0,0.000,+0.000,0.002,0.02,15
93.633,0.0,0.0,0.000,+0.000,0.002,0.02,15
93.736,0.0,0.0,0.000,+0.000,0.002,0.02,15
93.840,0.0,0.0,0.000,+0.000,0.002,0.02,15
93.941,0.0,0.0,0.000,+0.000,0.002,0.02,15
94.045,0.0,0.0,0.000,+0.000,0.002,0.02,15
94.147,0.0,0.0,0.000,+0.000,0.002,0.02,15
94.254,0.0,0.0,0.000,+0.000,0.002,0.02,15
94.357,0.0,0.0,0.000,+0.000,0.002,0.02,15
94.459,0.0,0.0,0.000,+0.000,0.002,0.02,15
94.563,0.0,0.0,0.000,+0.000,0.002,0.02,15
94.668,0.0,0.0,0.000,+0.000,0.002,0.02,15
94.770,0.0,0.0,0.000,+0.000,0.002,0.02,15
94.875,0.0,0.0,0.000,+0.000,0.002,0.02,15
94.979,0.0,0.0,0.000,+0.000,0.002,0.02,15
95.084,0.0,0.0,0.000,+0.000,0.002,0.02,15
95.186,0.0,0.0,0.000,+0.000,0.002,0.02,15
95.291,0.0,0.0,0.000,+0.000,0.002,0.02,15
95.395,0.0,0.0,0.000,+0.000,0.002,0.02,15
95.500,0.0,0.0,0.000,+0.000,0.002,0.02,15
95.606,0.0,0.0,0.000,+0.000,0.002,0.02,15
95.711,0.0,0.0,0.000,+0.000,0.002,0.02,15
95.813,0.0,0.0,0.000,+0.000,0.002,0.02,15
95.918,0.0,0.0,0.000,+0.000,0.002,0.02,15
96.020,0.0,0.0,0.000,+0.000,0.002,0.02,15
96.125,0.0,0.0,0.000,+0.000,0.002,0.02,15
96.229,0.0,0.0,0.000,+0.000,0.002,0.02,15
96.331,0.0,0.0,0.000,+0.000,0.002,0.02,15
96.436,0.0,0.0,0.000,+0.000,0.002,0.02,15
96.543,0.0,0.0,0.000,+0.000,0.002,0.02,15
96.649,0.0,0.0,0.000,+0.000,0.002,0.02,15
96.754,0.0,0.0,0.000,+0.000,0.002,0.02,15
96.856,0.0,0.0,0.000,+0.000,0.002,0.02,15
96.961,0.0,0.0,0.000,+0.000,0.002,0.02,15
97.063,0.0,0.0,0.000,+0.000,0.002,0.02,15
97.167,0.0,0.0,0.000,+0.000,0.002,0.02,15
97.274,0.0,0.0,0.000,+0.000,0.002,0.02,15
97.375,0.0,0.0,0.000,+0.000,0.002,0.02,15
97.480,0.0,0.0,0.000,+0.000,0.002,0.02,15
97.584,0.0,0.0,0.000,+0.000,0.002,0.02,15
97.689,0.0,0.0,0.000,+0.000,0.002,0.02,15
97.793,0.0,0.0,0.000,+0.000,0.002,0.02,15
97.896,0.0,0.0,0.000,+0.000,0.002,0.02,15
98.000,0.0,0.0,0.000,+0.000,0.002,0.02,15
98.103,0.0,0.0,0.000,+0.000,0.002,0.02,15
98.207,0.0,0.0,0.000,+0.000,0.002,0.02,15
98.309,0.0,0.0,0.000,+0.000,0.002,0.02,15
98.414,0.0,0.0,0.000,+0.000,0.002,0.02,15
98.518,0.0,0.0,0.000,+0.000,0.002,0.02,15
98.621,0.0,0.0,0.000,+0.000,0.002,0.02,15
98.721,0.0,0.0,0.000,+0.000,0.002,0.02,15
98.824,0.0,0.0,0.000,+0.000,0.002,0.02,15
98.928,0.0,0.0,0.000,+0.000,0.002,0.02,15
99.033,0.0,0.0,0.000,+0.000,0.002,0.02,15
99.135,0.0,0.0,0.000,+0.000,0.002,0.02,15
99.239,0.0,0.0,0.000,+0.000,0.002,0.02,15
99.342,0.0,0.0,0.000,+0.000,0.002,0.02,15
99.444,0.0,0.0,0.000,+0.000,0.002,0.02,15
99.547,0.0,0.0,0.000,+0.000,0.002,0.02,15
99.653,0.0,0.0,0.000,+0.000,0.002,0.02,15
99.756,0.0,0.0,0.000,+0.000,0.002,0.02,15
99.860,0.0,0.0,0.000,+0.000,0.002,0.02,15
99.963,0.0,0.0,0.000,+0.000,0.002,0.02,15
100.065,0.0,0.0,0.000,+0.000,0.002,0.02,15
100.168,0.0,0.0,0.000,+0.000,0.002,0.02,15
100.272,0.0,0.0,0.000,+0.000,0.002,0.02,15
100.375,0.0,0.0,0.000,+0.000,0.002,0.02,15
100.479,0.0,0.0,0.000,+0.000,0.002,0.02,15
100.584,0.0,0.0,0.000,+0.000,0.002,0.02,15
100.688,0.0,0.0,0.000,+0.000,0.002,0.02,15
100.791,0.0,0.0,0.000,+0.000,0.002,0.02,15
100.895,0.0,0.0,0.000,+0.000,0.002,0.02,15
100.997,0.0,0.0,0.000,+0.000,0.002,0.02,15
101.104,0.0,0.0,0.000,+0.000,0.002,0.02,15
101.208,0.0,0.0,0.000,+0.000,0.002,0.02,15
101.313,0.0,0.0,0.000,+0.000,0.002,0.02,15
101.419,0.0,0.0,0.000,+0.000,0.002,0.02,15
101.522,0.0,0.0,0.000,+0.000,0.002,0.02,15
101.624,0.0,0.0,0.000,+0.000,0.002,0.02,15
101.729,0.0,0.0,0.000,+0.000,0.002,0.02,15
101.832,0.0,0.0,0.000,+0.000,0.002,0.02,15
101.936,0.0,0.0,0.000,+0.000,0.002,0.02,15
102.039,0.0,0.0,0.000,+0.000,0.002,0.02,15
102.143,0.0,0.0,0.000,+0.000,0.002,0.02,15
102.248,0.0,0.0,0.000,+0.000,0.002,0.02,15
102.354,0.0,0.0,0.000,+0.000,0.002,0.02,15
102.458,0.0,0.0,0.000,+0.000,0.002,0.02,15
102.563,0.0,0.0,0.000,+0.000,0.002,0.02,15
102.665,0.0,0.0,0.000,+0.000,0.002,0.02,15
102.768,0.0,0.0,0.000,+0.000,0.002,0.02,15
102.873,0.0,0.0,0.000,+0.000,0.002,0.02,15
102.976,0.0,0.0,0.000,+0.000,0.002,0.02,15
103.078,0.0,0.0,0.000,+0.000,0.002,0.02,15
103.182,0.0,0.0,0.000,+0.000,0.002,0.02,15
103.285,0.0,0.0,0.000,+0.000,0.002,0.02,15
103.389,0.0,0.0,0.000,+0.000,0.002,0.02,15
103.492,0.0,0.0,0.000,+0.000,0.002,0.02,15
103.596,0.0,0.0,0.000,+0.000,0.002,0.02,15
103.699,0.0,0.0,0.000,+0.000,0.002,0.02,15
103.803,0.0,0.0,0.000,+0.000,0.002,0.02,15
103.905,0.0,0.0,0.000,+0.000,0.002,0.02,15
104.010,0.0,0.0,0.000,+0.000,0.002,0.02,15
104.114,0.0,0.0,0.000,+0.000,0.002,0.02,15
104.219,0.0,0.0,0.000,+0.000,0.002,0.02,15
104.323,0.0,0.0,0.000,+0.000,0.002,0.02,15
104.427,0.0,0.0,0.000,+0.000,0.002,0.02,15
104.534,0.0,0.0,0.000,+0.000,0.002,0.02,15
104.636,0.0,0.0,0.000,+0.000,0.002,0.02,15
104.739,0.0,0.0,0.000,+0.000,0.002,0.02,15
104.843,0.0,0.0,0.000,+0.000,0.002,0.02,15
104.948,0.0,0.0,0.000,+0.000,0.002,0.02,15
105.052,0.0,0.0,0.000,+0.000,0.002,0.02,15
105.155,0.0,0.0,0.000,+0.000,0.002,0.02,15
105.259,0.0,0.0,0.000,+0.000,0.002,0.02,15
105.366,0.0,0.0,0.000,+0.000,0.002,0.02,15
105.472,0.0,0.0,0.000,+0.000,0.002,0.02,15
105.579,0.0,0.0,0.000,+0.000,0.002,0.02,15
105.683,0.0,0.0,0.000,+0.000,0.002,0.02,15
105.786,0.0,0.0,0.000,+0.000,0.002,0.02,15
105.890,0.0,0.0,0.000,+0.000,0.002,0.02,15
105.992,0.0,0.0,0.000,+0.000,0.002,0.02,15
106.097,0.0,0.0,0.000,+0.000,0.002,0.02,15
106.201,0.0,0.0,0.000,+0.000,0.002,0.02,15
106.306,0.0,0.0,0.000,+0.000,0.002,0.02,15
106.408,0.0,0.0,0.000,+0.000,0.002,0.02,15
106.512,0.0,0.0,0.000,+0.000,0.002,0.02,15
106.615,0.0,0.0,0.000,+0.000,0.002,0.02,15
106.719,0.0,0.0,0.000,+0.000,0.002,0.02,15
106.824,0.0,0.0,0.000,+0.000,0.002,0.02,15
106.928,0.0,0.0,0.000,+0.000,0.002,0.02,15
107.031,0.0,0.0,0.000,+0.000,0.002,0.02,15
107.135,0.0,0.0,0.000,+0.000,0.002,0.02,15
107.237,0.0,0.0,0.000,+0.000,0.002,0.02,15
107.344,0.0,0.0,0.000,+0.000,0.002,0.02,15
107.444,0.0,0.0,0.000,+0.000,0.002,0.02,15
107.549,0.0,0.0,0.000,+0.000,0.002,0.02,15
107.651,0.0,0.0,0.000,+0.000,0.002,0.02,15
107.753,0.0,0.0,0.000,+0.000,0.002,0.02,15
107.858,0.0,0.0,0.000,+0.000,0.002,0.02,15
107.962,0.0,0.0,0.000,+0.000,0.002,0.02,15
108.065,0.0,0.0,0.000,+0.000,0.002,0.02,15
108.171,0.0,0.0,0.000,+0.000,0.002,0.02,15
108.274,0.0,0.0,0.000,+0.000,0.002,0.02,15
108.376,0.0,0.0,0.000,+0.000,0.002,0.02,15
108.480,0.0,0.0,0.000,+0.000,0.002,0.02,15
108.587,0.0,0.0,0.000,+0.000,0.002,0.02,15
108.689,0.0,0.0,0.000,+0.000,0.002,0.02,15
108.792,0.0,0.0,0.000,+0.000,0.002,0.02,15
108.894,0.0,0.0,0.000,+0.000,0.002,0.02,15
108.999,0.0,0.0,0.000,+0.000,0.002,0.02,15
109.105,0.0,0.0,0.000,+0.000,0.002,0.02,15
109.210,0.0,0.0,0.000,+0.000,0.002,0.02,15
109.312,0.0,0.0,0.000,+0.000,0.002,0.02,15
109.416,0.0,0.0,0.000,+0.000,0.002,0.02,15
109.521,0.0,0.0,0.000,+0.000,0.002,0.02,15
109.627,0.0,0.0,0.000,+0.000,0.002,0.02,15
109.730,0.0,0.0,0.000,+0.000,0.002,0.02,15
109.834,0.0,0.0,0.000,+0.000,0.002,0.02,15
109.937,0.0,0.0,0.000,+0.000,0.002,0.02,15
110.041,0.0,0.0,0.000,+0.000,0.002,0.02,15
110.143,0.0,0.0,0.000,+0.000,0.002,0.02,15
110.248,0.0,0.0,0.000,+0.000,0.002,0.02,15
110.350,0.0,0.0,0.000,+0.000,0.002,0.02,15
110.455,0.0,0.0,0.000,+0.000,0.002,0.02,15
110.555,0.0,0.0,0.000,+0.000,0.002,0.02,15
110.659,0.0,0.0,0.000,+0.000,0.002,0.02,15
110.762,0.0,0.0,0.000,+0.000,0.002,0.02,15
110.866,0.0,0.0,0.000,+0.000,0.002,0.02,15
110.967,0.0,0.0,0.000,+0.000,0.002,0.02,15
111.071,0.0,0.0,0.000,+0.000,0.002,0.02,15
111.173,0.0,0.0,0.000,+0.000,0.002,0.02,15
111.278,0.0,0.0,0.000,+0.000,0.002,0.02,15
111.382,0.0,0.0,0.000,+0.000,0.002,0.02,15
111.489,0.0,0.0,0.000,+0.000,0.002,0.02,15
111.591,0.0,0.0,0.000,+0.000,0.002,0.02,15
111.696,0.0,0.0,0.000,+0.000,0.002,0.02,15
111.798,0.0,0.0,0.000,+0.000,0.002,0.02,15
111.905,0.0,0.0,0.000,+0.000,0.002,0.02,15
112.007,0.0,0.0,0.000,+0.000,0.002,0.02,15
112.109,0.0,0.0,0.000,+0.000,0.002,0.02,15
112.214,0.0,0.0,0.000,+0.000,0.002,0.02,15
112.318,0.0,0.0,0.000,+0.000,0.002,0.02,15
112.421,0.0,0.0,0.000,+0.000,0.002,0.02,15
112.527,0.0,0.0,0.000,+0.000,0.002,0.02,15
112.632,0.0,0.0,0.000,+0.000,0.002,0.02,15
112.736,0.0,0.0,0.000,+0.000,0.002,0.02,15
112.839,0.0,0.0,0.000,+0.000,0.002,0.02,15
112.945,0.0,0.0,0.000,+0.000,0.002,0.02,15
113.047,0.0,0.0,0.000,+0.000,0.002,0.02,15
113.154,0.0,0.0,0.000,+0.000,0.002,0.02,15
113.256,0.0,0.0,0.000,+0.000,0.002,0.02,15
113.363,0.0,0.0,0.000,+0.000,0.002,0.02,15
113.465,0.0,0.0,0.000,+0.000,0.002,0.02,15
113.569,0.0,0.0,0.000,+0.000,0.002,0.02,15
113.674,0.0,0.0,0.000,+0.000,0.002,0.02,15
113.779,0.0,0.0,0.000,+0.000,0.002,0.02,15
113.883,0.0,0.0,0.000,+0.000,0.002,0.02,15
113.987,0.0,0.0,0.000,+0.000,0.002,0.02,15
114.090,0.0,0.0,0.000,+0.000,0.002,0.02,15
114.194,0.0,0.0,0.000,+0.000,0.002,0.02,15
114.299,0.0,0.0,0.000,+0.000,0.002,0.02,15
114.403,0.0,0.0,0.000,+0.000,0.002,0.02,15
114.506,0.0,0.0,0.000,+0.000,0.002,0.02,15
114.608,0.0,0.0,0.000,+0.000,0.002,0.02,15
114.711,0.0,0.0,0.000,+0.000,0.002,0.02,15
114.815,0.0,0.0,0.000,+0.000,0.002,0.02,15
114.920,0.0,0.0,0.000,+0.000,0.002,0.02,15
115.026,0.0,0.0,0.000,+0.000,0.002,0.02,15
115.128,0.0,0.0,0.000,+0.000,0.002,0.02,15
115.233,0.0,0.0,0.000,+0.000,0.002,0.02,15
115.339,0.0,0.0,0.000,+0.000,0.002,0.02,15
115.444,0.0,0.0,0.000,+0.000,0.002,0.02,15
115.546,0.0,0.0,0.000,+0.000,0.002,0.02,15
115.651,0.0,0.0,0.000,+0.000,0.002,0.02,15
115.753,0.0,0.0,0.000,+0.000,0.002,0.02,15
115.858,0.0,0.0,0.000,+0.000,0.002,0.02,15
115.960,0.0,0.0,0.000,+0.000,0.002,0.02,15
116.065,0.0,0.0,0.000,+0.000,0.002,0.02,15
116.169,0.0,0.0,0.000,+0.000,0.002,0.02,15
116.276,0.0,0.0,0.000,+0.000,0.002,0.02,15
116.378,0.0,0.0,0.000,+0.000,0.002,0.02,15
116.482,0.0,0.0,0.000,+0.000,0.002,0.02,15
116.587,0.0,0.0,0.000,+0.000,0.002,0.02,15
116.691,0.0,0.0,0.000,+0.000,0.002,0.02,15
116.794,0.0,0.0,0.000,+0.000,0.002,0.02,15
116.898,0.0,0.0,0.000,+0.000,0.002,0.02,15
117.001,0.0,0.0,0.000,+0.000,0.002,0.02,15
117.105,0.0,0.0,0.000,+0.000,0.002,0.02,15
117.208,0.0,0.0,0.000,+0.000,0.002,0.02,15
117.312,0.0,0.0,0.000,+0.000,0.002,0.02,15
117.414,0.0,0.0,0.000,+0.000,0.002,0.02,15
117.519,0.0,0.0,0.000,+0.000,0.002,0.02,15
117.625,0.0,0.0,0.000,+0.000,0.002,0.02,15
117.730,0.0,0.0,0.000,+0.000,0.002,0.02,15
117.832,0.0,0.0,0.000,+0.000,0.002,0.02,15
117.939,0.0,0.0,0.000,+0.000,0.002,0.02,15
118.041,0.0,0.0,0.000,+0.000,0.002,0.02,15
118.146,0.0,0.0,0.000,+0.000,0.002,0.02,15
118.250,0.0,0.0,0.000,+0.000,0.002,0.02,15
